{"cameraMode":{"drawMode":0,"name":"Shaded","section":"Shading Mode"},"sceneLighting":true,"audioPlay":false,"sceneViewState":{"m_AlwaysRefresh":false,"showFog":true,"showSkybox":true,"showFlares":true,"showImageEffects":true,"showParticleSystems":true,"showVisualEffectGraphs":true,"m_FxEnabled":false},"in2DMode":false,"pivot":{"x":-0.9318638443946838,"y":0.9686542749404907,"z":-0.7355381846427918},"rotation":{"x":-0.03592608869075775,"y":-0.9639596939086914,"z":0.18926168978214265,"w":-0.1846809983253479},"size":1.6889621019363404,"orthographic":false}