{"cameraMode":{"drawMode":0,"name":"Shaded","section":"Shading Mode"},"sceneLighting":true,"audioPlay":false,"sceneViewState":{"m_AlwaysRefresh":false,"showFog":true,"showSkybox":true,"showFlares":true,"showImageEffects":true,"showParticleSystems":true,"showVisualEffectGraphs":true,"m_FxEnabled":false},"in2DMode":false,"pivot":{"x":-2.0309200286865236,"y":0.703459620475769,"z":0.09254062175750733},"rotation":{"x":0.06902742385864258,"y":0.8982324600219727,"z":-0.40639588236808779,"w":0.15358617901802064},"size":2.353999137878418,"orthographic":false}