{"cameraMode":{"drawMode":0,"name":"Shaded","section":"Shading Mode"},"sceneLighting":false,"audioPlay":false,"sceneViewState":{"m_AlwaysRefresh":false,"showFog":true,"showSkybox":false,"showFlares":true,"showImageEffects":true,"showParticleSystems":true,"showVisualEffectGraphs":true,"m_FxEnabled":false},"in2DMode":false,"pivot":{"x":-2.0779073238372804,"y":0.7579329609870911,"z":0.13693729043006898},"rotation":{"x":0.006814656313508749,"y":0.9922215342521668,"z":-0.1064072996377945,"w":0.06677757948637009},"size":1.1688437461853028,"orthographic":false}